PRAGMA foreign_keys=OFF;
BEGIN TRANSACTION;
CREATE TABLE IF NOT EXISTS "django_migrations" ("id" integer NOT NULL PRIMARY KEY AUTOINCREMENT, "app" varchar(255) NOT NULL, "name" varchar(255) NOT NULL, "applied" datetime NOT NULL);
INSERT INTO django_migrations VALUES(1,'contenttypes','0001_initial','2024-09-06 16:48:05.534255');
INSERT INTO django_migrations VALUES(2,'api','0001_initial','2024-09-06 16:48:05.554564');
INSERT INTO django_migrations VALUES(3,'admin','0001_initial','2024-09-06 16:48:05.569430');
INSERT INTO django_migrations VALUES(4,'admin','0002_logentry_remove_auto_add','2024-09-06 16:48:05.580653');
INSERT INTO django_migrations VALUES(5,'admin','0003_logentry_add_action_flag_choices','2024-09-06 16:48:05.591589');
INSERT INTO django_migrations VALUES(6,'contenttypes','0002_remove_content_type_name','2024-09-06 16:48:05.614282');
INSERT INTO django_migrations VALUES(7,'auth','0001_initial','2024-09-06 16:48:05.640881');
INSERT INTO django_migrations VALUES(8,'auth','0002_alter_permission_name_max_length','2024-09-06 16:48:05.653220');
INSERT INTO django_migrations VALUES(9,'auth','0003_alter_user_email_max_length','2024-09-06 16:48:05.663177');
INSERT INTO django_migrations VALUES(10,'auth','0004_alter_user_username_opts','2024-09-06 16:48:05.671977');
INSERT INTO django_migrations VALUES(11,'auth','0005_alter_user_last_login_null','2024-09-06 16:48:05.679513');
INSERT INTO django_migrations VALUES(12,'auth','0006_require_contenttypes_0002','2024-09-06 16:48:05.683471');
INSERT INTO django_migrations VALUES(13,'auth','0007_alter_validators_add_error_messages','2024-09-06 16:48:05.690470');
INSERT INTO django_migrations VALUES(14,'auth','0008_alter_user_username_max_length','2024-09-06 16:48:05.698152');
INSERT INTO django_migrations VALUES(15,'auth','0009_alter_user_last_name_max_length','2024-09-06 16:48:05.705382');
INSERT INTO django_migrations VALUES(16,'auth','0010_alter_group_name_max_length','2024-09-06 16:48:05.717901');
INSERT INTO django_migrations VALUES(17,'auth','0011_update_proxy_permissions','2024-09-06 16:48:05.729989');
INSERT INTO django_migrations VALUES(18,'auth','0012_alter_user_first_name_max_length','2024-09-06 16:48:05.737537');
INSERT INTO django_migrations VALUES(19,'authtoken','0001_initial','2024-09-06 16:48:05.749271');
INSERT INTO django_migrations VALUES(20,'authtoken','0002_auto_20160226_1747','2024-09-06 16:48:05.771061');
INSERT INTO django_migrations VALUES(21,'authtoken','0003_tokenproxy','2024-09-06 16:48:05.775975');
INSERT INTO django_migrations VALUES(22,'authtoken','0004_alter_tokenproxy_options','2024-09-06 16:48:05.781120');
INSERT INTO django_migrations VALUES(23,'sessions','0001_initial','2024-09-06 16:48:05.799024');
INSERT INTO django_migrations VALUES(24,'api','0002_animals_destination_events_food','2024-09-06 17:33:48.077545');
CREATE TABLE IF NOT EXISTS "api_person" ("last_login" datetime NULL, "is_superuser" bool NOT NULL, "first_name" varchar(150) NOT NULL, "last_name" varchar(150) NOT NULL, "email" varchar(254) NOT NULL, "is_staff" bool NOT NULL, "date_joined" datetime NOT NULL, "user_id" integer NOT NULL PRIMARY KEY AUTOINCREMENT, "username" varchar(50) NOT NULL UNIQUE, "name" varchar(40) NOT NULL, "is_active" bool NOT NULL, "password" varchar(100) NOT NULL);
INSERT INTO api_person VALUES('2024-09-06 18:21:58.959172',1,'','','',1,'2024-09-06 17:25:54.822307',1,'admin','admin',1,'pbkdf2_sha256$870000$JcGVXKsoTYbzSoW8SbAQRC$Wr1enWstEYy4BuCB6CXI/oG4gNeFdDfPuYMmfxHd4oU=');
CREATE TABLE IF NOT EXISTS "api_visatype" ("id" integer NOT NULL PRIMARY KEY AUTOINCREMENT, "visa_type" varchar(100) NOT NULL, "visa_type_description" varchar(200) NOT NULL, "visa_type_duration" integer NOT NULL);
CREATE TABLE IF NOT EXISTS "api_visaapplication" ("id" integer NOT NULL PRIMARY KEY AUTOINCREMENT, "form_created" datetime NOT NULL, "name" varchar(100) NOT NULL, "gender" varchar(6) NOT NULL, "occupation" varchar(100) NOT NULL, "civil_status" varchar(20) NOT NULL, "date_of_birth" date NOT NULL, "passport_size_photo" varchar(100) NOT NULL, "passport_issue_country" varchar(100) NOT NULL, "passport_number" varchar(20) NOT NULL, "passport_issue_date" date NOT NULL, "passport_expiry_date" date NOT NULL, "passport_bio_page" varchar(100) NOT NULL, "phone" varchar(15) NOT NULL, "address" varchar(200) NOT NULL, "email" varchar(254) NOT NULL, "visa_duration" integer NOT NULL, "visa_start_date" date NOT NULL, "past_travel_history" varchar(200) NOT NULL, "isApproved" bool NOT NULL, "isProccessing" bool NOT NULL, "isRejected" bool NOT NULL, "isPending" bool NOT NULL, "user_id" integer NOT NULL REFERENCES "api_person" ("user_id") DEFERRABLE INITIALLY DEFERRED);
INSERT INTO api_visaapplication VALUES(1,'2024-09-06 17:42:30.989889','John Doe','Male','Employed','Married','2000-01-01','images/default_5tApa1P.jpg','United Kingdom','12342CX2342K','2022-01-01','2030-01-01','passport_bio/ray-so-export_BoZd8TV.png','+941134293423','No 1, Help Me Avenue, New York, USA.','hello@example.com',1,'2024-12-01','None',0,0,0,1,1);
INSERT INTO api_visaapplication VALUES(2,'2024-09-06 17:43:06.428307','Jamie Smith','Male','Employed','Married','2000-01-01','images/default_SrlWaLF.jpg','USA','12342CX2342K','2022-01-01','2030-01-01','passport_bio/ray-so-export_Vkv931t.png','+94113sd93423','No 1, Help Me Avenue, New York, USA.','hello@example.com',1,'2024-12-01','None',0,0,0,1,1);
INSERT INTO api_visaapplication VALUES(3,'2024-09-06 17:43:29.006205','Katy Perry','Female','Employed','Single','2000-01-01','images/default_V9HGO3f.jpg','USA','12342CX2342K','2022-01-01','2030-01-01','passport_bio/ray-so-export_AtYAncJ.png','+94113sd93423','No 1, Help Me Avenue, New York, USA.','hello@example.com',1,'2024-12-01','None',0,0,0,1,1);
INSERT INTO api_visaapplication VALUES(4,'2024-09-06 17:43:42.292041','gdkkd','Male','Employed','Divorced','2024-09-03','images/1000560033.jpg','dnks','djjss','2024-09-04','2024-09-04','passport_bio/1000560033.jpg','bsjsk','hsjsj','nsks@gmail.com',7,'2024-09-18','bsjejs',0,0,0,1,1);
INSERT INTO api_visaapplication VALUES(5,'2024-09-06 17:45:28.074698','gdkkd','Male','Employed','Divorced','2024-09-03','images/1000560033_inGBONa.jpg','dnks','djjss','2024-09-04','2024-09-04','passport_bio/1000560033_RbrU4p6.jpg','bsjsk','hsjsj','nsks@gmail.com',7,'2024-09-18','bsjejs',0,0,0,1,1);
CREATE TABLE IF NOT EXISTS "django_admin_log" ("id" integer NOT NULL PRIMARY KEY AUTOINCREMENT, "object_id" text NULL, "object_repr" varchar(200) NOT NULL, "action_flag" smallint unsigned NOT NULL CHECK ("action_flag" >= 0), "change_message" text NOT NULL, "content_type_id" integer NULL REFERENCES "django_content_type" ("id") DEFERRABLE INITIALLY DEFERRED, "user_id" integer NOT NULL REFERENCES "api_person" ("user_id") DEFERRABLE INITIALLY DEFERRED, "action_time" datetime NOT NULL);
CREATE TABLE IF NOT EXISTS "django_content_type" ("id" integer NOT NULL PRIMARY KEY AUTOINCREMENT, "app_label" varchar(100) NOT NULL, "model" varchar(100) NOT NULL);
INSERT INTO django_content_type VALUES(1,'admin','logentry');
INSERT INTO django_content_type VALUES(2,'auth','permission');
INSERT INTO django_content_type VALUES(3,'auth','group');
INSERT INTO django_content_type VALUES(4,'contenttypes','contenttype');
INSERT INTO django_content_type VALUES(5,'sessions','session');
INSERT INTO django_content_type VALUES(6,'authtoken','token');
INSERT INTO django_content_type VALUES(7,'authtoken','tokenproxy');
INSERT INTO django_content_type VALUES(8,'api','person');
INSERT INTO django_content_type VALUES(9,'api','visatype');
INSERT INTO django_content_type VALUES(10,'api','visaapplication');
INSERT INTO django_content_type VALUES(11,'api','animals');
INSERT INTO django_content_type VALUES(12,'api','destination');
INSERT INTO django_content_type VALUES(13,'api','events');
INSERT INTO django_content_type VALUES(14,'api','food');
CREATE TABLE IF NOT EXISTS "auth_group_permissions" ("id" integer NOT NULL PRIMARY KEY AUTOINCREMENT, "group_id" integer NOT NULL REFERENCES "auth_group" ("id") DEFERRABLE INITIALLY DEFERRED, "permission_id" integer NOT NULL REFERENCES "auth_permission" ("id") DEFERRABLE INITIALLY DEFERRED);
CREATE TABLE IF NOT EXISTS "auth_permission" ("id" integer NOT NULL PRIMARY KEY AUTOINCREMENT, "content_type_id" integer NOT NULL REFERENCES "django_content_type" ("id") DEFERRABLE INITIALLY DEFERRED, "codename" varchar(100) NOT NULL, "name" varchar(255) NOT NULL);
INSERT INTO auth_permission VALUES(1,1,'add_logentry','Can add log entry');
INSERT INTO auth_permission VALUES(2,1,'change_logentry','Can change log entry');
INSERT INTO auth_permission VALUES(3,1,'delete_logentry','Can delete log entry');
INSERT INTO auth_permission VALUES(4,1,'view_logentry','Can view log entry');
INSERT INTO auth_permission VALUES(5,2,'add_permission','Can add permission');
INSERT INTO auth_permission VALUES(6,2,'change_permission','Can change permission');
INSERT INTO auth_permission VALUES(7,2,'delete_permission','Can delete permission');
INSERT INTO auth_permission VALUES(8,2,'view_permission','Can view permission');
INSERT INTO auth_permission VALUES(9,3,'add_group','Can add group');
INSERT INTO auth_permission VALUES(10,3,'change_group','Can change group');
INSERT INTO auth_permission VALUES(11,3,'delete_group','Can delete group');
INSERT INTO auth_permission VALUES(12,3,'view_group','Can view group');
INSERT INTO auth_permission VALUES(13,4,'add_contenttype','Can add content type');
INSERT INTO auth_permission VALUES(14,4,'change_contenttype','Can change content type');
INSERT INTO auth_permission VALUES(15,4,'delete_contenttype','Can delete content type');
INSERT INTO auth_permission VALUES(16,4,'view_contenttype','Can view content type');
INSERT INTO auth_permission VALUES(17,5,'add_session','Can add session');
INSERT INTO auth_permission VALUES(18,5,'change_session','Can change session');
INSERT INTO auth_permission VALUES(19,5,'delete_session','Can delete session');
INSERT INTO auth_permission VALUES(20,5,'view_session','Can view session');
INSERT INTO auth_permission VALUES(21,6,'add_token','Can add Token');
INSERT INTO auth_permission VALUES(22,6,'change_token','Can change Token');
INSERT INTO auth_permission VALUES(23,6,'delete_token','Can delete Token');
INSERT INTO auth_permission VALUES(24,6,'view_token','Can view Token');
INSERT INTO auth_permission VALUES(25,7,'add_tokenproxy','Can add Token');
INSERT INTO auth_permission VALUES(26,7,'change_tokenproxy','Can change Token');
INSERT INTO auth_permission VALUES(27,7,'delete_tokenproxy','Can delete Token');
INSERT INTO auth_permission VALUES(28,7,'view_tokenproxy','Can view Token');
INSERT INTO auth_permission VALUES(29,8,'add_person','Can add user');
INSERT INTO auth_permission VALUES(30,8,'change_person','Can change user');
INSERT INTO auth_permission VALUES(31,8,'delete_person','Can delete user');
INSERT INTO auth_permission VALUES(32,8,'view_person','Can view user');
INSERT INTO auth_permission VALUES(33,9,'add_visatype','Can add visa type');
INSERT INTO auth_permission VALUES(34,9,'change_visatype','Can change visa type');
INSERT INTO auth_permission VALUES(35,9,'delete_visatype','Can delete visa type');
INSERT INTO auth_permission VALUES(36,9,'view_visatype','Can view visa type');
INSERT INTO auth_permission VALUES(37,10,'add_visaapplication','Can add visa application');
INSERT INTO auth_permission VALUES(38,10,'change_visaapplication','Can change visa application');
INSERT INTO auth_permission VALUES(39,10,'delete_visaapplication','Can delete visa application');
INSERT INTO auth_permission VALUES(40,10,'view_visaapplication','Can view visa application');
INSERT INTO auth_permission VALUES(41,11,'add_animals','Can add animals');
INSERT INTO auth_permission VALUES(42,11,'change_animals','Can change animals');
INSERT INTO auth_permission VALUES(43,11,'delete_animals','Can delete animals');
INSERT INTO auth_permission VALUES(44,11,'view_animals','Can view animals');
INSERT INTO auth_permission VALUES(45,12,'add_destination','Can add destination');
INSERT INTO auth_permission VALUES(46,12,'change_destination','Can change destination');
INSERT INTO auth_permission VALUES(47,12,'delete_destination','Can delete destination');
INSERT INTO auth_permission VALUES(48,12,'view_destination','Can view destination');
INSERT INTO auth_permission VALUES(49,13,'add_events','Can add events');
INSERT INTO auth_permission VALUES(50,13,'change_events','Can change events');
INSERT INTO auth_permission VALUES(51,13,'delete_events','Can delete events');
INSERT INTO auth_permission VALUES(52,13,'view_events','Can view events');
INSERT INTO auth_permission VALUES(53,14,'add_food','Can add food');
INSERT INTO auth_permission VALUES(54,14,'change_food','Can change food');
INSERT INTO auth_permission VALUES(55,14,'delete_food','Can delete food');
INSERT INTO auth_permission VALUES(56,14,'view_food','Can view food');
CREATE TABLE IF NOT EXISTS "auth_group" ("id" integer NOT NULL PRIMARY KEY AUTOINCREMENT, "name" varchar(150) NOT NULL UNIQUE);
CREATE TABLE IF NOT EXISTS "authtoken_token" ("key" varchar(40) NOT NULL PRIMARY KEY, "created" datetime NOT NULL, "user_id" integer NOT NULL UNIQUE REFERENCES "api_person" ("user_id") DEFERRABLE INITIALLY DEFERRED);
CREATE TABLE IF NOT EXISTS "django_session" ("session_key" varchar(40) NOT NULL PRIMARY KEY, "session_data" text NOT NULL, "expire_date" datetime NOT NULL);
INSERT INTO django_session VALUES('i3pe41dffmpvq67bfvhblhtwp2dxir9e','.eJxVjEEOwiAQRe_C2hBKgRGX7nsGMgyMVA0kpV0Z765NutDtf-_9lwi4rSVsPS9hTuIiBnH63SLSI9cdpDvWW5PU6rrMUe6KPGiXU0v5eT3cv4OCvXxriooiRDaaRqeIzKiZgT1YlR2SUc56A54Uacten9FFBgvZo0GEAcX7A_X4ODY:1smd6o:LFDZcssXW7U5ObN7cn1hBO4N_glF6dCC39bnoYA-r9I','2024-09-20 17:50:58.576375');
INSERT INTO django_session VALUES('foi51ydo0ia671elkx6i01fcleujzc8u','.eJxVjEEOwiAQRe_C2hBKgRGX7nsGMgyMVA0kpV0Z765NutDtf-_9lwi4rSVsPS9hTuIiBnH63SLSI9cdpDvWW5PU6rrMUe6KPGiXU0v5eT3cv4OCvXxriooiRDaaRqeIzKiZgT1YlR2SUc56A54Uacten9FFBgvZo0GEAcX7A_X4ODY:1smd8F:Rt2lPVc-LgBq39FR59jJxx_r9mh1v4OfJggfWo0l8E8','2024-09-20 17:52:27.608725');
INSERT INTO django_session VALUES('85nw50h74x4ra9eaxnzv2utfogszq7m3','.eJxVjEEOwiAQRe_C2hBKgRGX7nsGMgyMVA0kpV0Z765NutDtf-_9lwi4rSVsPS9hTuIiBnH63SLSI9cdpDvWW5PU6rrMUe6KPGiXU0v5eT3cv4OCvXxriooiRDaaRqeIzKiZgT1YlR2SUc56A54Uacten9FFBgvZo0GEAcX7A_X4ODY:1smdSN:uN6EQz4sxtQamZ2vSkarafCWuypE9DcvsII7H2pxuBA','2024-09-20 18:13:15.771485');
INSERT INTO django_session VALUES('41faf26hnbb4nc5xodos524oznbbsg1y','.eJxVjEEOwiAQRe_C2hBKgRGX7nsGMgyMVA0kpV0Z765NutDtf-_9lwi4rSVsPS9hTuIiBnH63SLSI9cdpDvWW5PU6rrMUe6KPGiXU0v5eT3cv4OCvXxriooiRDaaRqeIzKiZgT1YlR2SUc56A54Uacten9FFBgvZo0GEAcX7A_X4ODY:1smdYE:kh5eIBpVM25kpah5_wXwL2hD6eb-DHD_xKpAnmsi_FE','2024-09-20 18:19:18.071043');
INSERT INTO django_session VALUES('ryrxpm75vld8pk8xywpthml069v1y3p1','.eJxVjEEOwiAQRe_C2hBKgRGX7nsGMgyMVA0kpV0Z765NutDtf-_9lwi4rSVsPS9hTuIiBnH63SLSI9cdpDvWW5PU6rrMUe6KPGiXU0v5eT3cv4OCvXxriooiRDaaRqeIzKiZgT1YlR2SUc56A54Uacten9FFBgvZo0GEAcX7A_X4ODY:1smdYs:SOI0X9DlzoGr-ydJtLA2vi7UAc1ZWiL5X83hILUbVq0','2024-09-20 18:19:58.414761');
INSERT INTO django_session VALUES('txg16vlp1ta62h0p9wwglncbmr59yvro','.eJxVjEEOwiAQRe_C2hBKgRGX7nsGMgyMVA0kpV0Z765NutDtf-_9lwi4rSVsPS9hTuIiBnH63SLSI9cdpDvWW5PU6rrMUe6KPGiXU0v5eT3cv4OCvXxriooiRDaaRqeIzKiZgT1YlR2SUc56A54Uacten9FFBgvZo0GEAcX7A_X4ODY:1smdao:tAonMVF55vmi4KdPwnk-LeWEfVh7CE6P68ISdsNVIQs','2024-09-20 18:21:58.962996');
CREATE TABLE IF NOT EXISTS "api_animals" ("id" integer NOT NULL PRIMARY KEY AUTOINCREMENT, "name" varchar(100) NOT NULL, "compact_description" varchar(200) NOT NULL, "description" text NOT NULL, "image_url" varchar(200) NOT NULL);
CREATE TABLE IF NOT EXISTS "api_destination" ("id" integer NOT NULL PRIMARY KEY AUTOINCREMENT, "name" varchar(100) NOT NULL, "compact_description" varchar(200) NOT NULL, "description" text NOT NULL, "image_url" varchar(200) NOT NULL);
CREATE TABLE IF NOT EXISTS "api_events" ("id" integer NOT NULL PRIMARY KEY AUTOINCREMENT, "name" varchar(100) NOT NULL, "compact_description" varchar(200) NOT NULL, "description" text NOT NULL, "image_url" varchar(200) NOT NULL);
CREATE TABLE IF NOT EXISTS "api_food" ("id" integer NOT NULL PRIMARY KEY AUTOINCREMENT, "name" varchar(100) NOT NULL, "compact_description" varchar(200) NOT NULL, "description" text NOT NULL, "image_url" varchar(200) NOT NULL);
DELETE FROM sqlite_sequence;
INSERT INTO sqlite_sequence VALUES('django_migrations',24);
INSERT INTO sqlite_sequence VALUES('django_admin_log',0);
INSERT INTO sqlite_sequence VALUES('django_content_type',14);
INSERT INTO sqlite_sequence VALUES('auth_permission',56);
INSERT INTO sqlite_sequence VALUES('auth_group',0);
INSERT INTO sqlite_sequence VALUES('api_person',1);
INSERT INTO sqlite_sequence VALUES('api_visaapplication',5);
CREATE INDEX "api_visaapplication_user_id_cb0cabb9" ON "api_visaapplication" ("user_id");
CREATE INDEX "django_admin_log_content_type_id_c4bce8eb" ON "django_admin_log" ("content_type_id");
CREATE INDEX "django_admin_log_user_id_c564eba6" ON "django_admin_log" ("user_id");
CREATE UNIQUE INDEX "django_content_type_app_label_model_76bd3d3b_uniq" ON "django_content_type" ("app_label", "model");
CREATE UNIQUE INDEX "auth_group_permissions_group_id_permission_id_0cd325b0_uniq" ON "auth_group_permissions" ("group_id", "permission_id");
CREATE INDEX "auth_group_permissions_group_id_b120cbf9" ON "auth_group_permissions" ("group_id");
CREATE INDEX "auth_group_permissions_permission_id_84c5c92e" ON "auth_group_permissions" ("permission_id");
CREATE UNIQUE INDEX "auth_permission_content_type_id_codename_01ab375a_uniq" ON "auth_permission" ("content_type_id", "codename");
CREATE INDEX "auth_permission_content_type_id_2f476e4b" ON "auth_permission" ("content_type_id");
CREATE INDEX "django_session_expire_date_a5c62663" ON "django_session" ("expire_date");
COMMIT;
